renault,duster,2017,2.0,бензин,автомат,11450,https://cars.av.by/renault/duster/100275021,106000 км,Максимальная комплектация:))))
bmw,7-seriya,2017,4.0,дизель,автомат,56500,https://cars.av.by/bmw/7-seriya/100290590,95000 км,Продаю Бмв 740LD M Sport
volvo,xc90,2003,2.4,дизель,автомат,9500,https://cars.av.by/volvo/xc90/100223815,314000 км,"Отличное состояние.Двигатель,автомат,подвеска    полнастью обслужены.Кузов без жуков и вмятин.Салон в идеальном состоянии.Максимальная комплектация:электро сидения с подогревами и памятью,круиз,климат,навигация,тонированные стекла ас3,диски р18+ р17 комплект и многое другое.Продажа с переофармлением,торг у капота."
chevrolet,malibu,2017,1.5,бензин,автомат,13000,https://cars.av.by/chevrolet/malibu/100141519,38705 км,"Chevrolet Malibu 2017 в отличном состоянии.Состояние нового автомобиля без пробега по РБ.Без ключевой доступ,wifi,блютуз,камера заднего вида,функция start-stop, русифицированное меню,на заводе хром детали были окрашены в темный цвет,установлены дхо,жалюзи радиатора,цвет темно синий,но от освещения переходит в черный.Хорошая зимняя резина Bridgestone.Все вопросы по телефону.Машина снята с учёта и находится в Минске."
opel,zafira,2007,1.8,бензин,механика,6499,https://cars.av.by/opel/zafira/100247954,175000 км,"Отличное состояние. Безаварийное прошлое 100%. Дата производства 07.04.2007/дата экспл.05.01.2008г. Все стёкла Родные и целые (включая лобовое!). Редкая эксплуатация. Оригинальный пробег 175000км. Гаражное хранение. Кузов ровный, без жуков, вмятин и царапин(подкрашивался).Цвет-мокрый асфальт. Салон-состояние нового авто! Мотор 1.8-ecotec-140л.сил, не дымит и не парит, масло не ест, очень экономичный. По подвеске проблем не каких нет. Все работает. Заводской фаркоп. Релинги на крыше. Ошибок не каких не горит. Не требует не каких вложений. Проверка на специализированном сто приветствуется. Снята с учета для продажи"
infiniti,fx,2004,3.5,бензин,автомат,7650,https://cars.av.by/infiniti/fx/100221118,196339 км,"Полный привод. Чёрный на чёрном!!! В отличном состоянии! Оригинальный пробег 122000 миль. Безаварийное прошлое. Гаражное хранение. Кузов ровный, без жуков и вмятин. Чистый и аккуратный, не прокуренный салон (панель без вздутий). Технически в идеальном состоянии, мотор весь сухой, не мытый, работает не слышно ( цепь грм заменена),  акпп без толчков и рывков. Подвеска полностью обслужена. Богатая комплектация: климат-контроль, круиз-контроль, электро-пакет, электро-сиденья с памятью и подогревом, Музыка Bose с заводским савбуфером, э.люк, парктронники, bi-xenon, ресницы, заводская тонировка as3 и мн.другое. Стёкла и оптика целые. Фары в бронепленке. На отличной зимней резине. Не требует не каких вложений вообще! Любые проверки.  Реально очень живой финик. Снята с учёта для продажи! Торг только возле авто. Все вопросы по тел"
volkswagen,passat,1997,1.6,бензин,автомат,2900,https://cars.av.by/volkswagen/passat/100289330,527000 км,Продаётся Passat B5 в очень достойном состоянии 
mazda,6,2016,2.5,бензин,автомат,17800,https://cars.av.by/mazda/6/100067926,119000 км,"отличное состояние, японская сборка ноябрь 2016, эксплуатация 2017, приобретая данную модель автомобиля покупатель получает массу приятных ощущений... Торг "
bmw,x5,2003,3.0,дизель,автомат,10999,https://cars.av.by/bmw/x5/100289519,250000 км,машина для своих лет в идеальном состоянии мотор в идеальном состоянии новая турбина поменяны масла фильтра масло строго MOTUL 5W40 рабочая вебаста мотор без соплей и потеков работает ровно аккуратно новые диски колодки тросики и многое другое салон аккуратный не порван не затертый перетянут потолок кузов в идеальном состоянии без жуков и гнили пролит обработан все двери крышка в заводском герметике в таком состоянии кузов в настоящее время увидеть большая редкость два комплекта колес с дисками обсолютно новая резина на 19 дисках и зимняя на 18 дисках машина дейсвительно досмотрена и ухожена авто для тех кто устал искать хорошое авто снята сучета для продажи продаю с полным оформлением срочно возможен обмен на обмен 12000 тыс в авто уверен любые диогностики на СТО за ваш счет
nissan,versa,2007,1.8,бензин,автомат,4950,https://cars.av.by/nissan/versa/100261290,307384 км,"Надёжный и комфортный автомобиль. В Беларуси с 2011 года, один владелец. Мотор тянет хорошо, автомат работает плавно, подвеска не гремит. Не ржавая крепкая железная машина. Резвая, маневренная и очень приятная в управлении. В данный момент машина не требует никаких вложений. В комплекте летние покрышки."
bmw,i3,2017,"электро,",хода,автомат,21500,https://cars.av.by/bmw/i3/100290520,52000 км,"Только из Германии, без пробега по РБ, REX версия с бензогенератором 0.7 литров, батарея 94 А/ч 33 кВт, запас хода 350 км, порт зарядки Тип-2, а также порт быстрой зарядки (практически для всех зарядных станций в РБ никакие переходники не требуются), в комплекте оригинальное зарядное устройство для бытовой электросети, автомобиль в отличном техническом состоянии, 100% оригинальный пробег и родная краска, цвет бело-черный, салон комбинированная кожа, кожаный руль, бесключевой доступ, система «старт/стоп», голосовое управление, климат, круиз, NAVI, TV, парктроник, система облегчения парковки, обогрев сидений, датчик давления шин, датчики дождя и света, зеркало с автозатемнением, э/складывающиеся зеркала, хорошему покупателю в подарок комплект новых зимних шин"
volkswagen,golf-sportsvan,2014,1.6,дизель,автомат,10900,https://cars.av.by/volkswagen/golf-sportsvan/100190410,171000 км,"Электрический дополнительный воздушный отопитель , подогрев сидений, парктроники, омыватель фар, круиз. Электрический подогрев форсунок стеклоомывателя. система AUTO HOLD ассистент движения под гору, сервисная книга . Два комплекта резины и 2 ключа . Автомобиль полностью обслужен. Заменен ГРМ , помпа, колодки, ремень генератора- месяц назад, есть чеки и заказ наряды. Магазины просьба не беспокоить."
volkswagen,caravelle,1991,2.4,дизель,механика,2000,https://cars.av.by/volkswagen/caravelle/100250399,250000 км,Все вопросы по телефону 
bmw,5-seriya,2017,3.0,дизель,автомат,36500,https://cars.av.by/bmw/5-seriya/100123860,182300 км,"Автомобиль привезен из Германии в 2020 году. Хорошее состояние. Без ДТП. Всё обслуживание у дилеров в Германии и в РБ (Автоидея, Байернкрафт). Есть комплект летней резины."
bmw,5-seriya,2000,2.2,бензин,автомат,4000,https://cars.av.by/bmw/5-seriya/100225102,350000 км,"Обработано KROWN, сигнализация с автозапуском. В машине работает все! Продажа с полным переоформлением. Срочно"
volkswagen,touran,2016,1.6,дизель,автомат,14600,https://cars.av.by/volkswagen/touran/100266122,200000 км,"Заменены все расходники Комплект грм,ручейковый ремень,обгонная муфта генератора, все фильтра,масло в двигателе,масло в коробке,антифриз G13,комплект колодок!!!!"
audi,100,1983,2.2,бензин,механика,1550,https://cars.av.by/audi/100/100288571,354678 км,"Продам Audi 100 c3 avant, машина-звонок, боится ключа, карб. рабочий ручник. По салону есть вопросы. Торг! "
honda,accord,2001,2.0,бензин,механика,2990,https://cars.av.by/honda/accord/100219381,311000 км,"Отличное состояние, кузов ровный, без ржавчины, двигатель резвый, VTEC, работает отлично, подвеска не гремит, КПП, сцепление и ГУР без проблем, рабочий ручник, кондиционер, все стеклоподъемники, хорошая зимняя резина на литых дисках, хороший аккум, велюровый салон чистый и аккуратный."
bmw,7-seriya,2000,5.4,бензин,автомат,2950,https://cars.av.by/bmw/7-seriya/100236881,498000 км,"Отличный мощный автомобиль за небольшие деньги, на хорошем ходу, двигатель работает ровно, АКПП без проблем, но небольшие пинки присутствуют, салон не затёртый, в хорошем состоянии, двойные стёкла, чёрный потолок, все шторки на месте, хорошая богатая комплектация, кузов крепкий, но есть незначительные возрастные замечания по косметике. Небольшой торг на дорогу."
volvo,xc70,2002,2.5,бензин,автомат,5490,https://cars.av.by/volvo/xc70/100290040,276000 км,"Отличное состояние, 12 лет в одних руках, один хозяин в РБ, прошивка Т5 (250 л.с.) чиповалась в Литве, 7 мест, кузов ровный, без ржавчины, полный привод работает отлично, двигатель и АКПП в хорошем состоянии, кожаный салон в отличном состоянии, климат, круиз, все стеклоподъемники, электросидения с памятью и подогревом, два комплекта резины, хороший аккум, фаркоп."
hyundai,h-1-starex,2004,2.5,дизель,механика,4990,https://cars.av.by/hyundai/h-1-starex/100289006,305000 км,"Отличное состояние, кузов крепкий, двигатель и турбина работают хорошо, по технической части без проблем, две печки, кондиционер, стеклоподъемники, подушки, фаркоп, просторный салон чистый и аккуратный."
bmw,3-seriya,2015,2.0,дизель,механика,16999,https://cars.av.by/bmw/3-seriya/100286208,204000 км,Авто в отличном состоянии. Осенью 2020 пригнана из Бельгии. Проведена чистка впускного колектора (есть подтверждающие фото и документы). Все масла и фильтра поменяны на масле проехал 4000т. км. Электропривод богажника. Установлена новая зимняя резина ( на горантии). Сервисная книжка и все документы тоже имеются. Автосалонам и перекупам небеспокоить!!! Продай за 15000т тоже мимо. Небудет никакого диалога. Торг возле авто. Остальные вопросы по телефону. Машина на мне я хозяин. Продажа по ДКП.
subaru,xv,2014,2.0,бензин,автомат,12468,https://cars.av.by/subaru/xv/100251532,172000 км,"Один хозяин. покупался и частично обслуживался у официального дилера в Минске, весь автомобиль в родной краске."
gaz,67,1943,3.3,бензин,механика,1100,https://cars.av.by/gaz/67/100122558,10 км,"Двигатель , кпп, мосты, подвеска все в оригинале."
toyota,corolla,2014,1.6,бензин,механика,12010,https://cars.av.by/toyota/corolla/100195488,158500 км,"Автомобиль куплен и полностью обслужен у официального дилера, отличное состояние, произведена комплексная диагностика- замечаний по автомобилю нету"
volkswagen,polo-sedan,2015,1.6,бензин,автомат,9750,https://cars.av.by/volkswagen/polo-sedan/100223921,23590 км,Идеальное состояние. Куплена новой :(Атлант~ М / Минск). Оригинальный пробег....(автомат/ простой)...Хорошая комплектация. Достойно-неприхотливый автомобиль. ~1250 км назад сделано полное ТО. Дорогая система безопасности от угона .....
volkswagen,passat-usa,2017,1.8,бензин,автомат,15200,https://cars.av.by/volkswagen/passat-usa/100241024,106216 км,"Комплектация R-line. 1.8 Turbo (180 л/с). АКПП обычная, не DSG!! Автомобиль в превосходном техническом и внешнем состоянии. Недавно пройдено полное ТО с заменой всех жидкостей и фильтров. Богатая комплектация: кожа, биксенон с Led, контроль мертвых зон, камера заднего вида, система предотвращения столкновений, электропривод сидений с подогревом, круиз контроль, 2 зонный климат, диски R19, заводская тонировка. Большой багажник, больше места на задних сиденьях, чем у европейской версии. В автомобиле нет никаких нюансов и проблем. Два комплекта дорогой резины. Реальный пробег! Техосмотр пройден до 2022 года"
skoda,octavia,2013,1.8,бензин,автомат,11250,https://cars.av.by/skoda/octavia/100253082,162000 км,"Начало эксплуатации 2014г. Машина в отличном состоянии, двигатель (3-ее поколение) масло не ест, от замены до замены без подливания, коробка переключает плавно, нет никаких рывков - пинков, кузов без жуков, ржавчины, вмятин, царапин, есть маленькие сколы ЛКП в виде точек на переднем бампере, так как 80% пробега - трассы. Все меняется вовремя. Хорошая комплектация. Сервисная книжка, два ключа."
opel,astra,1997,1.6,бензин,механика,1650,https://cars.av.by/opel/astra/20013246,235888 км,С 2003г. в одних руках. Отличное техническое состояние. Кредит .  Лизинг.  Правовая гарантия сделки. Любая форма оплаты. Принимаем Авто на комиссию.
mazda,cx-7,2010,2.3,бензин,автомат,8950,https://cars.av.by/mazda/cx-7/100236600,197000 км,"Авто в отличном состоянии. Приобретался в 2010г. в Минске и с тех пор в одних, заботливых руках. Продажа связана с покупкой нового Авто. Очень красивый цвет - белый перламутр. Богатая комплектация : безключивой доступ, камера заднего вида, эл. сидения с памятью, акустика BOSE, ксенон и т. д., всё исправно. Бережная  и безаварийная эксплуатация. Возможна продажа в лизинг. "
volkswagen,touran,2007,1.9,дизель,автомат,6500,https://cars.av.by/volkswagen/touran/100287195,318000 км,Мелкие нюансы по кузову. По ходовой отлично Срочно!торг на дорогу. Нужны деньги на новый авто до среды 31. 03. Меньше 6000 даже не звоните не тратьте время 
audi,a6,2004,3.2,бензин,автомат,6850,https://cars.av.by/audi/a6/100258322,230000 км,"Автомобиль в хорошем состоянии и полностью обслужен, комплектация sline. Оригинальные диски R19 с новой зимней резиной. Безключевой доступ, старт-стоп, потолок чёрная кожа, датчик дождя, света, сиденья с памятью. 7000 км назад заменены передние и задние диски + колодки, вакуумный насос. 2000 км назад произведено ТО с заменой масла и фильтров, катушки зажигания. Двигатель работает ровно, акпп не пинает, едет очень бодро. Салоны - мимо. "
lada-vaz,largus,2015,1.6,бензин,механика,5850,https://cars.av.by/lada-vaz/largus/100290138,144000 км,"Хорошее состояние ! Мотор 1.6 бензин 8-ми клапанный работает отлично,  подвеска без проблем, салон отличный, новая резина. Мягкая: приятно проглатывает кочки. Удобное водительское сиденье. Вместительная! Мягкое сцепление: очень приятно переключаются скорости. Хорошо ведет себя на трассе. Хорошо держит гололёд. Расход топлива( при правильной обкатке в дальнейшем 6-7 литров на 100 км. при скорости от 80-110 км. ч.Свыше , 110-120 7.2-7.5 литров 95-го бензина. У магнитолы работа четкая, звук чистый, басы хорошие. Отопитель и кондиционер работают хорошо и исправно, нареканий к ним нет. Удобный автомобиль для семьи, путешествий, поездок на дачу. Вместительное багажное отделение- огромное преимущество перед другими моделями автомобилей. Обустройство салона без лишних наворотов оценит здравомыслящий водитель со скромными запросами. Машинка на все случай жизни!"
bmw,5-seriya,2003,2.5,бензин,автомат,6850,https://cars.av.by/bmw/5-seriya/100273189,299000 км,"В отличном состоянии, кузов без каких-либо нюансов, не стучит, не гремит, не дымит, не пинает, запуск с полпинка в любой мороз,  не требует вложений, минимальный торг у капота, не тратьте время на предложение цен из своих фантазий, авто своих денег стоит"
audi,a6,2012,2.0,бензин,автомат,15500,https://cars.av.by/audi/a6/100257146,207000 км,"Цена актуальна пока есть интересующий меня автомобиль!!!Передняя оптика Full led. Задние фонари от рестайлинга. Полный s-line снаружи и внутри. Масло не ест. Очень Богатая комплектация (проекция скорости на лобовое, голосовое управление, 4-ех зонный климат и тд) недавно производился кап ремонт коробки (работает как часы, все зч только оригинал масло тоже оригинал) в авто много чего сделано, 2 комплекта резины, диски ротора R19. В салон не поставлю просьба не беспокоить. Возможен торг!"
chevrolet,malibu,2017,1.5,бензин,автомат,9900,https://cars.av.by/chevrolet/malibu/100277177,133000 км,Отличное состояние.Обслужен.Хорошая комплектация.1 Владелец в РБ.Покупалась для себя в 2019 году.Вопросы по телефону.
lexus,es,2016,2.0,бензин,автомат,23500,https://cars.av.by/lexus/es/100209010,110000 км,"В отличном состоянии, без нюансов, честный пробег, не единственная машина в семье, минимальный торг. Возможна продажа в кредит/лизинг через автохаус"
opel,astra,2015,1.6,бензин,механика,8500,https://cars.av.by/opel/astra/100289982,130000 км,Авто приобреталось 17 декабря 2015 г в городе Минске у официального диллера Опель-Шевроле (Документы которые оформлялись при покупке у оф.Диллера -имеются).
opel,insignia,2009,2.0,бензин,механика,8400,https://cars.av.by/opel/insignia/100269745,247000 км,"Авто у меня 4,5 года (2й хозяин в РБ). Машина в хорошем техническом состоянии. Замена масла каждые 7500км. Стоит мультимедийная система с сенсорным дисплеем в стиле Тесла. Установлена сигнализация Starline с автозапуском. За время эксплуатации по кузову никаких работ не производили. На кузове имеются мелкие царапины и сколы, на пороге, заднем бампере и пассажирской двери есть небольшие вмятины. Авто в ДТП ни разу не участвовал. Продажа авто не срочная. Машину можно посмотреть в Гомеле. Торг у капота."
renault,grand-scenic,2017,1.5,дизель,механика,15790,https://cars.av.by/renault/grand-scenic/100289924,149000 км,Авто  из Германии !!!
renault,wind,2010,1.2,бензин,механика,6900,https://cars.av.by/renault/wind/100289966,63000 км,В отличном состоянии.Двухместный родстер кабриолет.102 л.с.
bmw,i3,2017,"электро,",хода,автомат,20990,https://cars.av.by/bmw/i3/100269583,39024 км,"Автомобиль из Америки(Калифорния), куплен на аукционе Манхайм, чистый CarFax, оригинальный пробег, идеальное состояние, русскоязычное меню, зарядка 220, камера заднего вида, комфортный доступ, диски R19, музыка Hi-Fi, Led фары. 100% идеальный автомобиль. Любые проверки на вашем СТО."
mercedes-benz,c-klass,2018,1.6,бензин,автомат,29950,https://cars.av.by/mercedes-benz/c-klass/100270015,84777 км,С НДС
volkswagen,touran,2010,1.4,бензин,автомат,4950,https://cars.av.by/volkswagen/touran/100279474,255555 км,Цена из за срочности авто на ходу поверка оборудование до 22.04.23г 
mercedes-benz,c-klass,2015,2.0,бензин,автомат,31500,https://cars.av.by/mercedes-benz/c-klass/100273362,55000 км,Комплектация C300 (245л.с.).
bmw,i3,2017,0.7,бензин,автомат,29900,https://cars.av.by/bmw/i3/100264212,24840 км,Дата выпуска Декабрь 2017 года. Модель 2018 годаS. Новый BMW i3s: динамичный дизайн.
audi,80,1993,2.0,бензин,механика,3100,https://cars.av.by/audi/80/100289952,420000 км,"Авто в достойном состоянии, вся подвеска новая, диски колодки новые, поменяны ступицы на 5 болтов. Без р17 дисков дешевле. Небольшой торг."
peugeot,206,2002,2.0,бензин,механика,2400,https://cars.av.by/peugeot/206/100266030,220000 км,Много чего нового. Балка обслужена. Два комплекта резины. По двигателю и коробке вопросов нету. Есть вопросы по кузову. 
volkswagen,polo,2010,1.2,бензин,механика,4999,https://cars.av.by/volkswagen/polo/100284127,139000 км,"Средний расход топлива 7 л/100км, город 8 л/100км, трасса 6 л/100км. Автомобиль из Германии с 2014 года. Один владелец в РБ. Обслуживался на специализированном СТО. Последнее ТО 4 000 км назад. Немецкая сборка."
geely,emgrand-x7,2014,2.0,бензин,механика,6200,https://cars.av.by/geely/emgrand-x7/100268951,79500 км,Очень хорошее состояние. Богатая комплектация. Маленький пробег.
audi,a6-allroad,2009,3.0,дизель,автомат,12200,https://cars.av.by/audi/a6-allroad/100247721,294000 км,Рестайлинг! 
mercedes-benz,gl-klass,2008,3.0,дизель,автомат,15000,https://cars.av.by/mercedes-benz/gl-klass/100226164,280000 км," Хорошее состояние, вложений не требует максимальная комплектация.Комплект лето на дисках.Пришла с Америки в 2013 году, второй хозяин. История обслуживания по договору Mercedes-Bens Автомобильный дом ""Энергия""."
audi,a6,2011,2.8,бензин,автомат,12700,https://cars.av.by/audi/a6/100266080,347000 км,"Модель 2012 года, покупалась новой на Ауди центр Серова,два ключа,автомобиль в идеальном состоянии, полностью в родной краске,хорошая комплектация, пройдет техосмотр 29.03.2021 г., дожимы дверей,парктроники,память сидений,обогревы,контурная диодная подсветка салона,заводская тонировка AS3,круиз контроль. В автомобиле заменены цепи двигателя с натяжителями на Ауди центр Минск, полное обслуживание на Ауди центр Серова, по коробке автомат всё обслужено, работает отлично без рывков и толчков,заменены диски с тормозными колодками, салон в идеальном состоянии, торг."
bmw,7-seriya,2005,3.0,дизель,автомат,9450,https://cars.av.by/bmw/7-seriya/100285903,340000 км,В хорошем состоянии. Все вопросы по телефону. Возможен обмен. Торг
volkswagen,jetta,2016,1.4,бензин,автомат,10000,https://cars.av.by/volkswagen/jetta/19242039,56000 км,"Вся история автомобиля, техосмотр есть, любые проверки, пригонял для себя, машина на номерах. Два комплекта колёс, зима, лето."
volkswagen,bora,1998,1.6,бензин,механика,2800,https://cars.av.by/volkswagen/bora/100278392,343000 км,"Хорошее состояние, по кузову мелкие сколы, редкая мелкая коррозия, трещина на лобовом стекле со стороны пассажира, поэтому проблем с техосмотром нет, литые диски с летней резиной, дополнительный комплект колес с обычными дисками на зимней резине."
ssangyong,rexton,2006,2.7,дизель,автомат,5550,https://cars.av.by/ssangyong/rexton/100246071,300000 км,"Шикарный, большой, рамный внедорожник."
opel,astra,2012,1.6,бензин,механика,7499,https://cars.av.by/opel/astra/100207693,180000 км,Продам опель астра рестайлинг. Авто в отличном состоянии. Вложений не требует. Все расходники поменяны. Масла 5w30и фильтра. Подвеска в норме. Два комплекта резины. На все вопросы отвечу по телефону. Цена за срочность
volkswagen,polo-sedan,2016,1.6,бензин,механика,9000,https://cars.av.by/volkswagen/polo-sedan/100286250,62000 км,Комплектация Highline. Куплен новым в апреле 2016 года у официального дилера Атлант-М. Обслуживался на официальном сервисе Volkswagen. Состояние отличное. Техосмотр пройден. Два ключа.
opel,astra,2012,1.6,бензин,автомат,7550,https://cars.av.by/opel/astra/100251336,192000 км,Opel Astra J Sport Tourer.
toyota,corolla,2018,1.6,бензин,автомат,19500,https://cars.av.by/toyota/corolla/100289294,11600 км,Новая машина!
hyundai,matrix,2002,1.5,дизель,механика,2300,https://cars.av.by/hyundai/matrix/100266223,291000 км,Авто в нормальном состоянии 
volkswagen,golf,1998,1.4,бензин,механика,2199,https://cars.av.by/volkswagen/golf/100288692,290000 км,"Отличный, экономичный авто!!! За авто следили и берегли (10 лет во владении) но настало время сменить автопарк( купили новый авто). Мотор работает идеально( заменен год назад на малопробежный из италии). Торг минимальный у авто. В сообщениях не торгуюсь"
volvo,v60,2015,2.0,дизель,механика,13800,https://cars.av.by/volvo/v60/100209138,185000 км,"Срочно, присмотрел уже новую машину. Бываю в Минске. Торг реальному покупателю у капота. "
volkswagen,passat,1993,1.9,дизель,механика,1600,https://cars.av.by/volkswagen/passat/100117296,290000 км,Пассат в отличном состоянии без проблем крепкий кузов пороги арки днище все целое. Ничего варить красить не надо.  Двигатель простой 1.9Д не дымит не парит масло не берет. Экономный расход 4-5 литров.  Салон чистый аккуратный. Электролюк работает. Ручник работает. Все ручки и замки рабочие. Все стекла фары целые. Установлена новая подвеска и тормозные колодки. Стоит зимняя резина. 5 лет в одних руках.  Торг только при осмотре.
bmw,5-seriya,2019,2.0,бензин,автомат,37900,https://cars.av.by/bmw/5-seriya/100272661,15600 км,"Пригонял для себя, машина в идеальном состоянии пробег сейчас 15 тыс км обслуживалась в Байрнкрафт все документы на руках, зимняя резина стоит Мишлен, лета хенкук( от завода ) "
ford,fusion-usa,2018,2.0,бензин,автомат,16999,https://cars.av.by/ford/fusion-usa/100270340,128000 км,"Продаю Ford Fusion 2018 года, 2.0 бензин, 245 л.с. автомат, полный привод."
peugeot,5008,2016,1.6,дизель,автомат,13250,https://cars.av.by/peugeot/5008/100246547,157000 км,"12.2016, только из Германии, 6-ступенчатый КПП-автомат ""Aisin"", 7мест, идеальное состояние автомобиля, предмаксимальная комплектация ""Allure+"", в заводской краске (крашеных элементов нет, проверено прибором), не бита 100%, только фирменное обслуживание до последнего км, есть сервисная книжка со всеми отметками, недавно произведено большое ТО (тормозные диски, колодки, масло в двигателе, все фильтра, антифриз, свечи накала). Безупречный внешний вид (кузов и салон без дефектов), аккуратный ухоженный автомобиль, бережная эксплуатация. В комплектации: климат-контроль, круиз-контроль, панорамная крыша, большой монитор, камера заднего вида, проекция на лобовое стекло, навигация, автопарковка, мультируль, полная панель, громкая cвязь, ходовые Led-огни, диодная оптика, передний и задний парктроники, хром пакет, заводская тонировка As3, шторки, оригинальные литые диски R17, новая летняя резина""Dunlop"", 2 чип-ключа. Технически без нареканий, всё исправно, вложений не требует, любые проверки. Очень вместительный автомобиль, экономичный(расход 5-6л на 100км), с превосходной динамикой и отличной плавностью хода, высоким уровнем комфорта и шумоизоляции. Прекрасно подходит для езды как по городу, так и на дальние расстояния по трассе. За машину не стыдно, уверен понравится первому увидевшему. Для истинных любителей данной модели. Растаможена полностью, все сборы уплачены, снята с учёта для продажи. Торг при осмотре возможен..."
citroen,c4-grand-picasso,2016,1.6,дизель,механика,14150,https://cars.av.by/citroen/c4-grand-picasso/100247894,171000 км,"12.2016г, 1день из Европы (2 брифа, сервисная книга, все документы), идеальное состояние, 1 хозяин в Европе, предмаксимальная комплектация, не бита 100%, полностью в заводской краске (крашеных элементов нет, проверено прибором, любые проверки), оригинальный пробег 171.000км, подтверждается на фирменном сервисе (есть фото авто и пробега на момент продажи в Европе), только фирменное обслуживание, есть сервисная книжка со всеми отметками до последнего км. Безупречный внешний вид, аккуратный и ухоженный автомобиль, бережная эксплуатация. Богатая комплектация: климат-контроль, адаптивный круиз-контроль, дистроник, Би-ксенон, Led-огни, задние 3D фонари, передний и задний парктроники, 2 больших цветных монитора, камера заднего вида, контроль мёртвых зон в зеркалах, функция контроля полосы движения с системой экстренного торможения и безопастного перестроения, навигация, бесключевой доступ"" KeyLessGo"", панорамная крыша, электро багажник с возможностью открытия и закрытия взмахом ноги, автопарковка (автомобиль сам паркуется), мультируль, громкая связь, usb, розетка 220v, заводская тонировка As3, складывающиеся электро зеркала с автозатемнением, рейлинги, хром-пакет, литые диски, запаска под днищем, съёмный фаркоп, 2чип-ключа, топливная система Bosh. Технически без нареканий, недавно произведено большое ТО (замена ремня ГРМ, тормозные диски, колодки, масла, фильтра, антифриз, свечи накала). Очень экономичный авто(расход 5-6 л/ на 100км), с превосходной динамикой и отличной шумоизоляцией. Большой, комфортный и вместительный минивен, прекрасно подходит как для езды по городу , так и на дальние расстояния по трассе. Растаможен полностью, все платежи уплачены, минская регистрация. За машину не стыдно, понравится первому увидевшему, для истинных любителей данной модели. Торг при осмотре возможен.."
opel,insignia,2016,1.6,дизель,механика,12580,https://cars.av.by/opel/insignia/100218663,161000 км,"12.2016г, только из Германии (2 брифа, все документы), отличное состояние, предмаксимальная комплектация, не бита 100%, полностью в заводской краске (крашеных элементов нет, проверено прибором, любые проверки, оригинальный пробег 161.000км, подтверждается на фирменном сервисе (есть фото авто и пробега на момент продажи в Европе), только фирменное обслуживание, есть сервисная книжка со всеми отметками до последнего км. Безупречный внешний вид, аккуратный и ухоженный автомобиль. В комплектации: кожаный салон, климат-контроль, круиз-контроль, би-ксенон, led-огни, передний и задний парктроники, большой монитор, навигация, мультируль, подогрев сидений и руля, громкая связь, заводская тонировка As3, зимняя резина R17, 2 чип-ключа. Технически без нареканий, недавно произведено большое ТО (замена цепи ГРМ, масла, фильтра, антифриз, свечи накала). Очень экономичный авто(расход 5-6 л/ на 100км), с превосходной динамикой и отличной шумоизоляцией. Прекрасно подходит как для езды по городу , так и на дальние расстояния по трассе. Растаможена полностью, все платежи уплачены. За машину не стыдно, понравится первому увидевшему. Торг при осмотре возможен..."
bmw,3-seriya,1993,3.0,бензин,механика,3100,https://cars.av.by/bmw/3-seriya/100288289,300000 км,"Хорошее состояние. Кузов переваривался и красился год назад, все проблемные места сделаны. Двигатель м50б30 ~260л.с., подвеска, сцепление и коробка все в идеале, тормоза от 330 новые, ручник новый, короткоходная кулиса, салон кожа, люк, шторка, ц/з замок с брелка, крутая музыка, электрика вся рабочая. Диски р17 оригинальная ковка на новой летней резине также отдам зиму в хорошем состоянии р15 на железе. Продажа срочная и до тех пор пока в продаже есть интересующий меня автомобиль. Цена без торга!!!"
bmw,7-seriya,2000,4.4,бензин,автомат,2990,https://cars.av.by/bmw/7-seriya/100288920,383000 км,Цена снижена! Требует ремонта двигателя. Ошибка по первому цилиндру. Два года назад полностью перекрашивалась. Коробка перебиралась целиком на оригинальные запчасти. Стоит газ 4го поколения. Пороги переваривались.
opel,vectra,1997,1.6,бензин,механика,1300,https://cars.av.by/opel/vectra/100273929,47558 км,есть жуки на бодром ходу
volkswagen,golf,2007,1.9,дизель,механика,7000,https://cars.av.by/volkswagen/golf/100198140,267000 км,"Продам гольф в хор сост. Полностью обслужен, 1.9 тди,2007г.по паспорту,бриф,пробег оригинал,климат,эл/п,круиз,чёрный потолок,подогрев сидений,зеркал,диски r17,турбина новая на гарантии, грм,резина лето,много чего зделано по авто,торг."
bmw,5-seriya,2004,3.0,бензин,автомат,8300,https://cars.av.by/bmw/5-seriya/100240419,259012 км,"Машина в достойном состоянии,два ключа, есть незначительные мелкие нюансы,"
ford,ranger,2013,2.2,дизель,механика,16100,https://cars.av.by/ford/ranger/100223487,200000 км,"Цена с НДС.  Установлен кунг. Торг у капота. Ford Ranger — компактный пикап производства американской Ford Motor Company. Производится в Таиланде, на одном заводе с Mazda BT-50. Сменив Ford Courier, производимый в Японии компанией Mazda, Ranger существовал в двух поколениях. С появлением через год после Chevrolet S-10, Ranger стал самым продаваемым компактным пикапом в США с 1987 по 2004 годы. Форд Рейнджер - это настоящий рамный пикап с двойной кабиной, рассчитанный на пять человек. Пикап имеет традиционную для подобных машин конструкцию: рама, рессорная задняя подвеска, задний жестко подключаемый полный привод с блокировкой заднего дифференциала и понижающей передачей."
volkswagen,golf,2013,1.2,бензин,автомат,14000,https://cars.av.by/volkswagen/golf/100287842,145600 км,Автомобиль в нашей семье с 2014г (купили с пробегом 20.000 км). Обслуживание на Атлант-М с момента приобретения до сегодняшнего дня. Всю историю можно проверить по электронной сервисной книжке диллера.
volkswagen,tiguan,2020,1.4,бензин,автомат,24300,https://cars.av.by/volkswagen/tiguan/100264393,10348 км,"Автомобиль Volkswagen Tiguan 2020 года выпуска, куплен новым в Атлант-М, единственный собственник. Двигатель 150 лс. Цвет - чёрный перламутр Deep Black. На расширенной гарантии до 2025 года( август месяц(первые 3 года гарантия без ограничений по пробегу, 4 и 5 год - ограничение по пробегу в 100.000 км). Автомобиль на полном КАСКО. В хорошей комплектации. Заводской пакет Comfort Seats - улучшенные сиденья со столиками для задних пассажиров. Расширенная мультимедийная система с сенсорным экраном. Литые диски R17, светодиодная передняя и задняя оптика, подогревы передних сидений, 3х зонный климат-контроль, датчик дождя, передний и задний парктроник, электрообогрев лобового стекла, подогрев-руля, мультируль, круиз-контроль. Два комплекта колес. Летние абсолютно новые, т.к. приобретал авто в агусте и в конце сентября уже переобулся на новую зиму. "
mazda,6,2014,2.5,бензин,механика,7900,https://cars.av.by/mazda/6/100280596,133000 км,"РФ учёт, передвижение без проблем по таможенному союзу, звонить понимающим, страховка до конца лето, оригинальный пробег, все расходники заменены, Двигатель 2.5( 192 лошади), расход город 8.5, трасса 6.5, активная езда 10 л, замена масло каждые 8 тыс, масло не ест вообще, 6-Ст мкп, подвеска без единого вопроса, комплектация supreme,  бесключевой доступ, старт стоп, штатный navi, датчики мертвых зон, камера заднего вида, хром пакет, круиз контроль, двухзонный климат, датчик давления шин, блютуз аух usb громкая связь, R 19 на всесезонной Pirelli, все стёкла родные и целые, кожаный салон в состоянии нового автомобиля, работает каждая кнопка,по кузову есть мелкие нюансы в связи с эксплуатации в городе, владею прекрасным авто больше года."
peugeot,806,2001,2.0,дизель,механика,4470,https://cars.av.by/peugeot/806/100282219,347000 км,"Рестайлинга , лучший минивэн в своём классе 7 мест , салон трансформер материал алькантара , потолок не висит, лобовое целое, ручник держит, фаркоп, мотор 2.0HDI  очень экономичный 6/100, не путайте с 2.1 и 1.9 это небо и земля, не парит не дымит тянет как положено, управление магнитолой на руле все работает, круиз контроль, установлены увеличенные зеркала для лучшего обзора ( старые отдам в подарок), по кузову все делалось вовремя, достаточно крепкий и живой авто. Я владелец , могу продать через любую лизинговую кампанию или кредит от банка. Торг небольшой, если дорого смотрите варианты подешевле и вкидывайте кучу денег, машинка сел и поехал . "
audi,a6,2004,3.2,бензин,автомат,6000,https://cars.av.by/audi/a6/100161194,380000 км,"Авто в хорошем состоянии есть подрулевые лепистки для передач. Новая резина, новые калодки, передние диски и аккумулятор. торг"
bmw,5-seriya,2008,3.0,бензин,механика,12500,https://cars.av.by/bmw/5-seriya/100184673,314000 км,"Продаю BMW e60 2008 года, в эксплуатации с 08.2009 года, есть немецкие документы. Мотор n53 мощность 218 л.с., в отличном состоянии. Пригонял из Германии в 2012 году, один хозяин в Германии, я единственный хозяин в РБ. Комплектация Edition,салон комфорт кожа nappa цвет коньяк, руль М, спорт подвеска S 226a. "
chevrolet,hhr,2006,2.4,бензин,автомат,5400,https://cars.av.by/chevrolet/hhr/100215602,250 км,"Очень хорошее состояние! стоит хорошее ,не дешевое гбо!  цена за деньги! возможен обмен на русскую запретку, джип или минивэн. Пишите на Вайбер, вацап я за границей. Машина в Могилеве у жены, оформленная на неё. "
audi,a6,2007,2.0,дизель,механика,9300,https://cars.av.by/audi/a6/20194850,328000 км,"Автомобиль в хорошем техническом и внешнем состоянии. Всё меняется вовремя, полностью обслужен, делать ничего не нужно. Зимой автомобиль не эксплуатируется. МКПП, мотор BRE (140 л.с.). Все интересующие вопросы по телефону. В личку не писать."
chevrolet,epica,2010,2.0,бензин,механика,5800,https://cars.av.by/chevrolet/epica/16145455,171000 км,"Продам или обменяю! Полностью обслужен.Двигатель R6 , 24 клапана. Компрессия 12 атм во всех 6 цилиндрах. Потребление масла отсутствует . Масло MPM ( Нидерланды ориг) , если льете родной dexos2, можно, но замена в 5-7 тыс.км желательно. Подвеска: задняя перебрана полностью ( исключение амморты-в порядке) на 300. По переду : Менялись сайленты в рычагах (все работает). Заменены ступицы в сборе по правой стороне . Салон нового Авто, нарекания мелкие на водительское кресло ( комбинированный кож вставки + велюр). Катализаторы удалены, прошивка евро2 от paulus. Расход 9,5 лето без конд. 10,5 с конд либо зимой с печкой город. загород немного бываю не измерял. 92й бензин по букварю. Вместительный просторный полноценный D класс седан, плывет как корабль, очень мягкий. Диски оригинал проточены колодки новые по кругу.Масло и антифриз заменены 500 км назад.Звоните, расскажу. Торг у капота минимальный на проезд. Обмен."
honda,cr-v,2010,2.4,бензин,автомат,11300,https://cars.av.by/honda/cr-v/100223467,181000 км,Автомобиль в отличном состоянии. Все исправно работает. Кузов ровный красивый без жуков. Салон аккуратный не затертый. Вложений не требуется. Авто обслуживался строго по регламенту. Полноприводный надёжный неприхотливый автомобиль. Просьба автосалонам не беспокоить.
skoda,superb,2010,1.4,бензин,механика,8000,https://cars.av.by/skoda/superb/100281133,199000 км,"Skoda Superb 1.4 2010г. 199000км. Ксенон, климат, электропакет(стекла, зеркала), подогрев сидений/зеркал/заднего стекла, aux/mp3, регулировка руля по наклону/вылету, подлокотник спереди и сзади, качественные чехлы по инд.заказу, огромный багажник, для пассажиров сзади предусмотрено много места, заводская тонировка. 2 ключа, сервисная книга, полная история обслуживания авто (заказ-наряды, чеки). Замена масла до 9000 км. Масло только поменял (менее 1000). Новая летняя резина на литых дисках R17, зима на стальных R16+колпаки. Своевременное обслуживание, менять ничего не нужно. Масло не ест, расход средний 7.2/100 (город = 7.7, трасса = 6.5), 4 года в одних руках "
volvo,v60,2016,2.0,дизель,автомат,16999,https://cars.av.by/volvo/v60/100278434,185000 км,"Предложение для истинных ценителей Volvo. Продаётся Volvo V-60 D-2 в максимальной!!! комплектации: активные ксеноновые поворотные фары, адаптивный круиз контроль, датчик движения по полосам (машина сама подруливает),Blis, датчик усталости водителя, Sity Safety, функция предупреждения о столкновениях, активный дальний свет, зеркала с фотохромом и подогревом, бескаркасное зеркало заднего вида, датчик давления в шинах, TFT экран, камера заднего вида, функция автоматической парковки, лобовое стекло с подогревом, штатная навигация, понарамный люк, электро сидения водителя и пассажира с подогревом, заводская программируемая вебаста и многое другое ( проще написать чего нет в этом авто). Выпуск декабрь 2016 года, начало эксплуатации с 2017 года. Самый надежный и экономичный двигатель D-2 с одной турбиной 120л.с. Едет очень бодро, при этом расход в городе 6-7л. Машина из Европы в родной краске без ДТП в идеальном состоянии, без пробега по РБ и РФ. Друзья, если вы ищите европейский автомобиль с честным пробегом и историей, то вам по адресу. Таких машин нет на сегодняшний день на рынке. Писать про данный экземпляр можно бесконечно, лучше приехать и увидеть в живую. Проверка на специализированном сервисе или автоподборщиком приветствуется. В машине уверен на 100%. Торг минимальный и только возле капота. Автосалоны и любители халявы сразу мимо, не присылайте нелепых предложений, не нарывайтесь на грубость."
opel,astra,2008,1.4,бензин,механика,5100,https://cars.av.by/opel/astra/100277560,178000 км,"6 лет в одних руках, в свое время пригнана из Греции. Два комплекта шин, летняя резина на литых дисках. За время эксплуатации поломок не было вообще никаких. Торг."
audi,a6,2000,2.5,дизель,автомат,5900,https://cars.av.by/audi/a6/100281790,406000 км,"в хорошем состоянии.много чего сделано и переделано. валы поменяны. коробка контрактная( масло менялось 5 тыс км назад) идеально работает. заменён ГРМ на 390 тысяч. шторки, сигнализация с автозапуском, техосмотр пройден. салон в идеальном состоянии. торг есть. или обмен на микроавтобус"
bmw,5-seriya,2003,3.0,дизель,автомат,8900,https://cars.av.by/bmw/5-seriya/100176111,350000 км,"Вложений не требует, обслужена, 16.01 была замена масла, термостата, колодок,хорошая зимняя резина, новая АКБ."
nissan,pathfinder,2004,4.0,бензин,автомат,6500,https://cars.av.by/nissan/pathfinder/100288600,205000 км,"Технический осмотор до 22г.В отличном техническом состоянии. Много нового включая газовое и резину. Новые модельные чехлы на сиденья. По технике без проблем, мотор и акпп на отлично, едет хорошо. Подвеска вся сделана включая все солентблоки и шаровые. Цена без торга вообще. Если не доступен пишите на вайбер или ватсап. Машину покажут. Продажа только с полным оформлением. Цена на пару дней. "
mazda,3,2008,1.6,бензин,механика,5250,https://cars.av.by/mazda/3/100272640,200000 км,"Продаю надёжный автомобиль, в родной краске. В дтп не участвовал. "
mitsubishi,eclipse,2000,2.4,бензин,автомат,4500,https://cars.av.by/mitsubishi/eclipse/100206580,191000 км,Машинка почти в идеале. Коробка и двигатель идеал( Коробка на гарантии). Всё светится и всё моргает. Колёса лето и зима (лето r18) (зима r15). Некоторые нюансы по ЛКП. Разумеется торг на месте. На обмен дороже.
mercedes-benz,cla,2016,2.0,бензин,автомат,21500,https://cars.av.by/mercedes-benz/cla/100289291,69000 км,"В помощи салонов и посредников не нуждаюсь! В автосалон не поставлю, на машине езжу каждый день. Торг минимальный и строго у капота. Диагностика у оф. дилера приветствуется. Вся информация по телефону. Автомобиль привез из США, штат Флорида. 2-а комплекта резины (зима-лето). 2-а ключа. Идеальное техническое состояние. Без пробега по РБ и РФ. Эксплуатация с 2017г (8 месяц). Белый металлик. 230 л.с. 7-АКПП. 2-а комплекта шин (новая зимняя резина + летняя). 2-а ключа. Выполнено полное ТО, с заменой масла и фильтров. Новые колодки."
mercedes-benz,s-klass,2007,3.0,дизель,автомат,13000,https://cars.av.by/mercedes-benz/s-klass/100286738,226500 км,"Срочно ,цена 12999 на зимних r18 с новой резиной !Оставили задаток ,но человек долго думает ,поймите правильно !От авто не избавляюсь,2 авто в семье ,выкинули объявления 2-х машин .Какую первую продадим ,вторую оставим !"
lada-vaz,priora,2012,1.6,бензин,механика,2950,https://cars.av.by/lada-vaz/priora/100271509,130000 км,"Хорошее состояние , кузов без проблем. Двигатель коробка в хорошем состоянии , родной пробег , ручник держит, за машиной следили. Остальное по телефону "
toyota,prius-c,2017,1.5,бензин,автомат,15800,https://cars.av.by/toyota/prius-c/100145984,9672 км,Очень интересная малышка- родом из Калифорнии)) темперамент+экономичность) состояние нового авто) ) 100% ОРИГИНАЛЬНЫЙ пробег))) элементы дизайна принадлежат  ( Янж Недвецкий ( в интернете можно ознакомиться! 
kia,rio,2012,1.6,бензин,механика,6950,https://cars.av.by/kia/rio/100285854,135200 км,Продам белоснежного надежного друга.
pontiac,trans-sport,1996,2.0,бензин,механика,2390,https://cars.av.by/pontiac/trans-sport/100288814,317000 км,"Продается Pontiac Trans-Sport 1996 г.механика 2.0 бензин-газ, темно-зеленый перламутр,мотор Опель с20ne надёжный работяга,кузов пластик,салон трансформер, каркасные шторки,стекла все целые,ручки дверей тоже,баллоны газ спарка 70 л.под днищем,резина лето один сезон,зима тоже в хорошем состоянии, диски литьё и штампы, впридачу некоторые запчасти, оригинальные летние коврики салона.Авто каждый день на ходу своевременное т.о.и ремонт неисправных запчастей: выжимной подшипник сцепления, манжеты главного цилиндра сцепления,все ступицы по кругу,перед.тормоз.диски с колодками,зад.колодки и тормоз.цилиндры, шаровые, сайлентблоки перед.,зад, наконечники,опоры зад.амортизаторов и сами амортизаторы, втулки стабилизатора и крепления, стартер замена,ГРМ,помпа,ремни,гидрики 18 тыс.назад, ремонт-сварка внутренних задних арок. Выхлопная почти вся новая."
renault,megane,2002,1.9,дизель,механика,2350,https://cars.av.by/renault/megane/100261973,400000 км,"Машина в хорошем состоянии. Кузов не гнилой так как цинкован. Стекла все родные. Двигатель 1.9dti(98л.с)  Задние саленблоки поменяны. Суппорта перебраны, ручник работает. Кондиционер рабочий. Все светится и моргает. Звонить исключительно по делу!!!  Предложение своей цены оставьте при себе!!!!! По телефону не торгуюсь!!!! Обмен не интересует!!!! Продажа только с переоформлением! Торг... Если недоступен, звоните или пишите вайбер, ватсап, телеграм. Либо на второй номер.  Торг"
ford,edge,2019,2.0,бензин,автомат,25800,https://cars.av.by/ford/edge/100288111,24000 км,"Отличный автомобиль за разумные деньги. Максимальная комплектация которая может быть в этих форда, обслужен полностью на 20.тыс."
bmw,5-seriya,2008,2.0,дизель,автомат,10400,https://cars.av.by/bmw/5-seriya/100288295,358000 км,"Машина в хорошем состоянии. Всё работает. Двигатель, коробка и подвеска без проблем.  М руль,навигация ,Bluetooth, Aux, большой монитор, электро-фаркоп, парктроники, датчик света. Расход у автомобиля по городу 7-8 литров ,по трассе 5 литров. 2 комплекта колёс Лето R18                   Больше информации по телефону, торг."
opel,corsa,2008,1.4,бензин,автомат,4950,https://cars.av.by/opel/corsa/100227310,200000 км,"В идеальном состоянии. Полноценный автомат гидротрансформатор японский AISIN! По кузову без жуков, царапин и вмятин, салон ухоженный чистый и опрятный ездила девушка. Все стекла и фары без сколов и трещинок, по электрике все исправно ошибок никаких нет. Двигатель цепной работают ровно тихо и плавно, подвеска вся перебрана, новые тормозные диски и колодки по кругу. Средний расход топлива 6 л/100км, город 7.5 л/100км, трасса 5 л/100км. Ручник держит. В машине исправно все до последней кнопочки! Два комплекта ключей, торг только на месте осмотра..."
nissan,qashqai,2016,2.0,бензин,автомат,17300,https://cars.av.by/nissan/qashqai/100185134,54000 км,Покупался новым. Я единственный владелец
volkswagen,passat-usa,2015,2.0,дизель,автомат,15199,https://cars.av.by/volkswagen/passat-usa/100283023,145000 км,"Продам замечательный автомобиль, который станет для вас действительно надёжным помощником и другом. "
kia,ceed,2018,1.6,бензин,автомат,14500,https://cars.av.by/kia/ceed/100288450,58600 км,"Машина в идеальном состоянии ещё на гарантии,  покупалась  летом 2018 года в салоне ,  обслуживалась только у официальных дилерах , гарантия на авто 150.000 либо до 2023 года .. все вопросы и ответы  по телефону ,  есть пару моментов которые нужно заменить , просто из за срока эксплуатации , машину покупал в салоне по факту один владелец . все расскажу при осмотре..  цену указываю без торга с учетом уже вычета всех мелких нюансов "
bmw,5-seriya,2009,2.0,дизель,автомат,11000,https://cars.av.by/bmw/5-seriya/19766463,214500 км,Продам Автомобиль в Отличном состоянии. 
ford,escape,2006,2.3,бензин,автомат,5299,https://cars.av.by/ford/escape/100244539,230000 км,"Расход 10 л город, 8 трасса (100 кмч). Машина не привередливая, надежная. Классический автомат, 4 передачи, не пинает, не толкает. Тип кузова внедорожник. Тонировка завод. Хорошая родная акустика, американец. Расход смешной для машины такого класса. Хорошие зимние шины (почти новые)."
peugeot,407,2007,2.0,бензин,механика,4950,https://cars.av.by/peugeot/407/100273501,298000 км,"2007г. Рестайлинг. Из Европы не из РФ. Продается ухоженое, абслуженое и досмотренное авто. Любое ваше СТО."
mitsubishi,eclipse-cross,2018,1.5,бензин,автомат,18650,https://cars.av.by/mitsubishi/eclipse-cross/100209997,53108 км,"Только пригнана Из США.(сборка  Япония) Комплектация LE (limited edition),цвет белый перламутр,полный привод S-AWC ,touchpad.Куплена у страховой Geico целой   (тип списания  theft ) Торг минимальный , цена и так ниже рынка как нашего так и российского. Не путать с недоприводом. . Замена масла у оф. диллера Митсубиши в РБ, новые  колодки по кругу. Возможен зачет ,цена 20500."
kia,sportage,2016,2.0,дизель,механика,18979,https://cars.av.by/kia/sportage/100244466,150877 км,"Автомобиль в идеальном состоянии, Из Норвегии( это значит, что он для стран с холодным климатом(как у нас) стоит подогрев топливного фильтра по заводу). Мотор 2.0 185 л.с. Полностью обслужена в Европе 1 000 км. назад. Подключаемый полный привод! Авто без ДТП и подкрасов (проверено прибором). Зимняя резина (Nokian) резина. Без пробега по РБ.Максимальная комплектация плюс допы: "
skoda,octavia,2005,2.0,дизель,автомат,4850,https://cars.av.by/skoda/octavia/100276015,237171 км,"Авто в хорошем состоянии. Двигатель работает ровно, разгоняется бодро. Аатомат переключает плавно, без пинков и рывков. Чистый и аккуратный салон."
bmw,2-seriya-gran-tourer,2015,1.5,дизель,механика,15600,https://cars.av.by/bmw/2-seriya-gran-tourer/100255590,197000 км,"Машина в отличном состоянии,в родной краске,все стекла родные, пробег не скручен. Два ключа, два комплекта резины на литых дисках,два комплекта ковриков, комплект каркасные шторок, есть второй комплект родных колёс,оригинальный пробег, в январе 2020 пригнана из Европы, есть бриф. Хорошая комплектация, чёрный потолок, безключевой доступ, Led оптика, датчики давления в шинах, проекция, 7 мест, система предупреждения о столкновении, круиз-контроль с функцией подтормаживания, Hi-Fi музыка, подсветка салона и дверных ручек снаружи, NBT-мультимедиа с большим экраном, расширенная эл. Приборная панель,парктроник задний с выводом на экран, датчики дождя и света, система Start/Stop, голосовое управление на русском и многое другое. Залита прошивка двигателя Stage 1.Сделано ТО с заменой колодок покругу, масла и фильтров. Торг минимальный у капота. Любые проверки, я только за!"
mazda,3,2014,1.6,бензин,автомат,10900,https://cars.av.by/mazda/3/100251613,113315 км,"Автомобиль полностью обслужен, отличное состояние, я второй владелец."
audi,a4,2006,1.9,дизель,механика,6700,https://cars.av.by/audi/a4/100281509,385000 км,"По техническому состоянию вопросов нет, есть возрастные нюансы по кузову. Два комплекта ковров и резины с дисками. Подробности по телефону. Торг у капота."
mercedes-benz,c-klass,2003,1.8,бензин,автомат,4800,https://cars.av.by/mercedes-benz/c-klass/100202959,385000 км,"Подушки, ручник, вебаста не работает."
citroen,c5,2008,1.6,дизель,механика,6500,https://cars.av.by/citroen/c5/100257260,307000 км,No text
volkswagen,passat,2016,1.6,дизель,механика,14780,https://cars.av.by/volkswagen/passat/100288430,186000 км,Автомобиль из Германии в ИДЕАЛЬНОМ состоянии !
peugeot,508,2017,1.6,дизель,автомат,12750,https://cars.av.by/peugeot/508/100260811,167000 км,Автомобиль только из Европы. Без пробега по РБ.Чистый 2017 год по тех. паспорту. 
mercedes-benz,c-klass,1997,2.5,дизель,автомат,2700,https://cars.av.by/mercedes-benz/c-klass/100255468,472000 км,MB C250
opel,insignia,2015,1.8,бензин,механика,11200,https://cars.av.by/opel/insignia/100102279,227000 км,"Отличное состояние, климат контроль, полный эл. пакет, мульти руль, круиз контроль, бортовой компьютер, датчики дождя и света, блютуз громкая связь, подогрев сидений и зеркал, парктроники.            "
volkswagen,passat,2010,2.0,дизель,автомат,6699,https://cars.av.by/volkswagen/passat/100263860,243537 км,"Автомобиль 2010 года выпуска, был пригнан из Европы в 2013 году, я второй владелец, мотор 2,0 TDI маркировка CBAB на 140 л.с. коробка автомат  DSG 6 мокрая, хорошая комплектация, хорошее техническое и визуальное состояние, частично обслуживание у официального дилера Атлант-М в РБ, два ключа, два комплекта ковров, хорошая летняя резина на литых дисках, комплект зимних шин в подарок, действующий техосмотр до августа этого года.Без обменов. "
volkswagen,golf,2009,1.4,бензин,механика,5499,https://cars.av.by/volkswagen/golf/100287937,187000 км,"Достойном состоянии. В ДТП не участвовал. Конец 2008г.Стекла все оригинал. Из Германии в 2013.Ухожен,обслужен. Мотор без турбины. Техосмотр до января 2022г.Всё работает. Новые: резина, подвеска, фильтра и масло. Звонить Заинтересованным. Торг не большой. "
bmw,x6,2011,3.0,дизель,автомат,24000,https://cars.av.by/bmw/x6/100288241,242000 км,"Машина из Германии , в РБ с 2015г., 40 D 306л.с, АКПП 8-ми ступ., комплект зим. резины, хорошее тех. состояние, в родной краске, люк,оригинальный пробег, проекция на лобовое , адаптивный  круиз контроль, спорт покет, сиденья с эл.регулировкой ,дальний свет автоматический и т.д. и т. п.. Звоните  пообщаемся. "
toyota,auris,2017,1.6,дизель,механика,13800,https://cars.av.by/toyota/auris/100222540,161000 км,"Супер состояние как внешне так и технически!!! Абсолютно не требует вложений, новые шины Michelin. Toyota Auris 1.6 D4D Exclusive в самой полной комплектации! Ввезён из Европы оригинальный подтверждённый нескрученный пробег!!! Два ключа и все сервисные документы в наличии все обслуживания в Toyota центре до последнего километра, недавно производилось полное ТО в Европе. Кузов без ДТП в заводском лакокрасочном покрытии! Мощный и экономичный мотор, топливная система Bosch нет проблем с форсунками как в Denso. Любые ваши проверки... Обмен не предлагать!!!"
opel,corsa,2009,1.2,бензин,автомат,4500,https://cars.av.by/opel/corsa/100185738,147000 км,"01.02.2021 произведена полная диагностика, заменено масло и фильтры!!! На сегодня: Подвеска, двигатель и кузов в отличном состоянии! Круиз контроль, кондиционер, стеклоподъемники, кожанный мультируль, линзованные фары, CD, AUX, идеальный авто для города на АКПП!  Номера  в подарок! без торга!!!"
opel,meriva,2011,1.4,бензин,механика,7600,https://cars.av.by/opel/meriva/100255492,93000 км,"Продаю Опель Мерива 2011г. Один хозяин в РБ, пригоняли из Германии в 2015г. В ДТП не была. Родной пробег. Богатая комплектация: адаптивный ближний свет, датчики света и дождя, система помощи при подъёме, задняя камера, парктроник, регулировка руля, блокировка дверей при движении, встроенный компрессор в багажнике. Эл.ручной тормоз. Новая резина зимняя и летняя R16. Вложений никаких не требует. Сервисное обслуживание. Расход по городу 5л. по трассе 4л. Обмен не интересует. Торг уместен!"
nissan,primera,1997,2.0,бензин,механика,1570,https://cars.av.by/nissan/primera/100271806,380000 км,"В автомобиле работает каждая кнопочка и лампочка, даже кондиционер и ручник.. Установлено ГБО. Едет хорошо, салон аккуратный, резина Goodyear m+s, практически новая.  "
bmw,x2,2018,2.0,бензин,автомат,39900,https://cars.av.by/bmw/x2/100285918,45300 км,"BMW X2 M35i 306 лс X-drive. Единственный в СНГ. Без пробега по РБ, из Америки в идеальном состоянии, с чистой историей и карфаксом, с оригинальным пробегом, без каких либо ошибок и прочих  «подводных камней» кузов без ДТП ( полностью в родной краске) двигатель и акпп работают идеально! Очень жирная комплектация ; спорт салон, электро сидения с памятью и обогревом, Full led оптика, и led противотуманные фары, обогрев руля, эл. привод багажника, комфортный доступ и заводка без ключа, автоматическое включение дальнего света, встроенный жёсткий диск, потолок антрацит, заводская разрешённая тонировка AS3, тёмный хром: ноздри, зеркала, надписи, антибликовые зеркала, камера заднего вида, парктроник перед и зад, контурная подсветка салона IBN с возможностью выбора цветов, Л/Д R19 на отличной резине, оригинальные суппорта M-perfomance и т.д, 2 ключа.  В услугах стоянок и посредников не нуждаемся! Дата выпуска 11 месяц 2018 год"
audi,a6,1997,1.9,дизель,механика,4900,https://cars.av.by/audi/a6/100281878,350000 км,"хорошее состояние по кузову и технической части , вопросы по тел. перепиской заниматся не буду, даже не пишите. тех. осмотр пройден до марта 2022."
kia,sportage,2010,2.0,дизель,автомат,11900,https://cars.av.by/kia/sportage/100269309,209000 км,"Авто в хорошем состоянии. Корейская сборка. Дизель и передний привод ( кто интересуется, тот знает про полный привод у данной модели)."
skoda,superb,2013,1.8,бензин,автомат,10800,https://cars.av.by/skoda/superb/20050086,112000 км,"Чистый 2013 г.в,1.8TSI. Машина полностью в заводской покраске!.Проверка прибором приятно удивит. Чешская сборка.Неплохая комплектация,раздельный климат контроль, датчик дождя, электро зеркала,подогрев всех сидений,зеркал.Имеется довотчик крышки багажника,система адаптивного освещения.Хорошая аудио система,AUX,подсветка при посадке в салон.Салон в хорошем состоянии,ухоженный и аккуратный.Большой комфортный,надёжный автомобиль.Бережная эксплуатация,за авто следили и ухаживали.Была произведена замена тормазных колодок, новый АКБ.Каждые 8тыс.замена масла,заменены все фильтра. Достойное состояние автомобиля!!"
lexus,gx,2019,4.6,бензин,автомат,65000,https://cars.av.by/lexus/gx/100271417,33000 км,Цена с НДС
lada-vaz,2101,1977,1.3,бензин,механика,777,https://cars.av.by/lada-vaz/2101/100096277,98000 км,"Автомобиль в хорошем состоянии, для своих 45 лет,  в идеальном состоянии. "
mercedes-benz,c-klass,2020,1.6,бензин,автомат,35700,https://cars.av.by/mercedes-benz/c-klass/100242301,12000 км,"С-180 Avangarde Edition  2 комплекта шин :Зима + лето, коврики Зима+ лето  машина на гарантии ! Обмен не предлагать."
toyota,avensis,2005,1.8,бензин,автомат,5850,https://cars.av.by/toyota/avensis/100288116,374000 км,"Хорошее тех., состояние. Литые диски на хорошей резине. Очень красивый цвет белый перламутр. Стёкла и вся оптика целая. По автомобилю все работает. Небольшой торг приветствуется. Продажа только с переоформлением. "
citroen,c4-picasso,2009,1.6,бензин,автомат,6400,https://cars.av.by/citroen/c4-picasso/100248676,165000 км,"Авто в отличном состоянии, в феврале заменено сцепление и перебрана подвеска, обслужена тормозная система. осенью ставил новую турбину и насос охлаждения."
nissan,x-trail,2021,2.0,бензин,механика,23959,https://cars.av.by/nissan/x-trail/100264680,5 км,Новый автомобиль в Гомеле с НДС.
nissan,murano,2021,3.5,бензин,автомат,43046,https://cars.av.by/nissan/murano/100263982,5 км,Новый автомобиль в Гомеле с НДС.
nissan,qashqai,2020,2.0,бензин,автомат,25507,https://cars.av.by/nissan/qashqai/100188243,5 км,Новый автомобиль в Гомеле с НДС.
nissan,qashqai,2020,2.0,бензин,автомат,25507,https://cars.av.by/nissan/qashqai/100186708,5 км,Новый автомобиль в Гомеле с НДС.
nissan,x-trail,2021,2.5,бензин,автомат,31009,https://cars.av.by/nissan/x-trail/100242270,5 км,Новый автомобиль в Гомеле с НДС.
nissan,qashqai,2021,1.2,бензин,механика,19025,https://cars.av.by/nissan/qashqai/100238520,5 км,Новый автомобиль в Гомеле с НДС.
nissan,x-trail,2020,2.0,бензин,автомат,25519,https://cars.av.by/nissan/x-trail/100275649,5 км,Новый автомобиль в Гомеле с НДС.
mitsubishi,pajero-sport,2003,2.5,дизель,механика,6650,https://cars.av.by/mitsubishi/pajero-sport/100276282,255000 км,"Автомобиль в отличном техническом и кузовном состоянии, с 2012г. в одних руках, рама в идеальном состоянии (была обработана антикоррозийным составом), номер кузова сохранился в отличном состоянии, подключаемый полный привод, только городская эксплуатация, проверка на любом Вашем СТО. Климат/контроль, две печки, полный эл/пакет, подогрев топливного фильтра, заводская тонировка as3. Возможна продажа в кредит, Ваш автомобиль в зачет."
citroen,c5,2008,2.0,дизель,автомат,7500,https://cars.av.by/citroen/c5/100273531,285000 км,"Нормальная машина,все работает ручник кондей итд.машина к продаже не готовилась.из нюансов сколы,не работает одна счётка(100$).скол на лобовом стекле.торг на дорогу и так скинул.комплектация богатая.всем добра"
nissan,terrano,2021,1.6,бензин,механика,14641,https://cars.av.by/nissan/terrano/100229074,5 км,Новый автомобиль в Гомеле с НДС.
bmw,3-seriya,2006,2.5,бензин,автомат,6999,https://cars.av.by/bmw/3-seriya/100107860,219000 км,Любые проверки !!!!!!
renault,megane,2002,1.6,бензин,механика,3500,https://cars.av.by/renault/megane/100287481,320000 км,"Масло Elf  5w40 каждые 10 тыс. Уровень от замены до замены. Ошибок нет. По электрике все работает. Звоните, приезжайте, смотрите. Обмен только на Berlingo бензин."
bmw,5-seriya,2001,2.0,дизель,механика,4900,https://cars.av.by/bmw/5-seriya/100242457,430000 км,"На бодром ходу. кожа,электро сидения . реальному покупателю Торг"
hyundai,lantra,1999,1.6,бензин,механика,1850,https://cars.av.by/hyundai/lantra/100280955,325000 км,"Коррозии  нет,всё работает,небольшой расход бензина,чистый салон! Состояние близкое,к очень хорошему."
land-rover,range-rover-sport,2007,2.7,дизель,автомат,9750,https://cars.av.by/land-rover/range-rover-sport/100287921,272900 км,"Сев за руль, с габаритами разобрался буквально за пару минут. Очень понравилась функция «задний ход» у зеркал, когда они немного опускаются вниз, а еще также работа адаптивных фар, которые поворачиваются при изменении направления движения, или когда поварачиваешь, то загорается дополнительная лампочка в поворотнике, а потом тухнет, вообще удобно. "
renault,kangoo,1998,1.4,бензин,механика,1950,https://cars.av.by/renault/kangoo/100274220,250000 км,"Сделано большое ТО. Обслужена все подвеска. Поменяны масла и фильтра, мотор, коробка, электрика все в хорошем состоянии. Масло от замены до замены. На полном ходу. торг у капота по телефону не торгуюсь"
opel,astra,1997,1.6,бензин,механика,2075,https://cars.av.by/opel/astra/100280251,275000 км,"1997 г.в., последний рестайлинг, очень хорошее состояние, вложений не требует, новые шины зима + лето, полностью обслуженная подвеска, последние работы: менялись амортизаторы, колодки, подшипники, грм, масло в коробке и  моторе, заменен топливный насос. Все коробки заменённых запчастей есть в наличии. Расход 6 л. на 100 км. Вложений авто не требует, от слова совсем! Срочно! Могу продать в рассрочку либо кредит с первым взносом 25%. Автомобиль находится в г.Могилёве. Только с переоформлением в ГАИ! Звоните по указанному номеру, на сообщения не отвечаю! "
renault,duster,2014,2.0,бензин,автомат,4000,https://cars.av.by/renault/duster/100268541,100000 км,"Повреждения видно на фото. Нужны стапельные работы. В салоне нужна замена подушки водителя. Авто на колёсах, заменили рычаг, можно буксировать. До аварии авто в отличном состоянии. "
chevrolet,express,2014,5.3,бензин,автомат,45000,https://cars.av.by/chevrolet/express/100167404,270000 км,"Авто в рабочем састоянии, Торг! Один хозяин, куплена в 2014 г новой в сша, обслужена, новые тормоза, ремни, масла, фильтра, отбойники подвески, не бита, не крашена, выполнена полная обработка лака, оклеена защитными пленками, расход- Трасса-13-15 на 100, город от 15 и выше, Двигатель сухой, звук обновлен, саб, pandora сигнализация с сим картой, автозапуск, прогрев, отслеживание со спутника на картах, массажные сидения, раскладной задний ряд в спальные места, подножка , фаркоп, постоянный полный привод. "
volkswagen,multivan,2016,2.0,дизель,автомат,36888,https://cars.av.by/volkswagen/multivan/100056102,127000 км,"Из Германии, мотор 150 лс, Higline, активный круиз-контроль, электрические регулировки сидений, камера заднего вида, заводские тонированные стёкла, форточки в сдвижных дверях, и тд, пробег оригинал "
bmw,i3,2017,"электро,",хода,автомат,23900,https://cars.av.by/bmw/i3/100216070,49000 км,No text
kia,optima,2016,2.0,бензин,автомат,15999,https://cars.av.by/kia/optima/100272934,146000 км,"Версия GT, отличное состояние, очень богатая комплектация, своевременное обслуживание, панорамная крыша, датчики слепых зон, камеры по кругового обзора, автопарковка, подогрев и вентиляция сидений , большая навигация, и т.д."
tesla,model-3,2021,"электро,",хода,автомат,67046,https://cars.av.by/tesla/model-3/100285546,10 км,"PERFORMANCE, новая гарантийная Европейская. Разгон до 100км- 3,3с. Максимальная скорость 261км/h, из Германии, самая новая модель, самая лучшая комплектация"
ford,focus,2015,1.5,дизель,механика,9900,https://cars.av.by/ford/focus/100285169,190000 км,"отличное техническое состояние, работает полностью все, обслужен. владею пол года, проехал 25тыс, сделано 3 то, заменен грм, перебрана подвеска, продаю в связи с уездом. нюансы по кузову на видео, они не значительные, без аварийное прошлое, все стекла, фары родные. машинка оставляет очень приятные впечатления, экономичный двигатель 120лс, мягкая подвеска, достойная шумоизоляция, лэд оптика, тонировка, богатая комплектация - обогрев лобового, сидений, руля, датчик дождя, света, парктроники, помощь при трогании в гору, 2 зонный климат, мультимедийный экран, 2 ключа, комплект новой зимы на дисках (гудиер) + лето на дисках износ 80% и многое другое. на сиденьях чехлы, салон в порядке. за авто не стыдно, любое ваше то. автосалоны просьба не беспокоить, торг."
lexus,gs,2000,3.0,бензин,автомат,3350,https://cars.av.by/lexus/gs/100287762,408000 км,Двигатель отлично
bmw,x5,2005,3.0,дизель,автомат,9850,https://cars.av.by/bmw/x5/100244574,340000 км,"Продам BMW X5 в хорошем состоянии для своего возраста и цены. Двигатель работает ровно, обороты не плавают, без подтеков масла, тянет отлично и полностью обслужен. Кузов целый, ровный, крепкий, без ржавчины. Днище, пороги, кромки дверей, стаканы, лонжероны – целые и заводские.  По технической части: передняя и задняя подвеска, АКПП,  тормоза, рейка, гур – без вопросов. По электрике: климат, свет, щетки, музыка, омыватели, эл/подъемники, ц/з, эл/сиденья, память, ABS, ESP, круиз, мультимедиа – работают. Салон чистый, аккуратный, не прокуренный, кожа в хорошем состоянии. Лобовое и вся оптика целые, ручник держит, хорошая зимняя резина и аккумулятор + комплект летней резины. Снята с  учета для удобной продажи, страховка имеется.  За машину не стыдно, никаких срочных вложений для каждодневной езды машина не требует, любое СТО. Небольшой торг для адекватных и приятных покупателей. Желающим купить б/у автомобиль в состоянии нового -  рекомендую обращаться в автосалон. Спасибо за понимание!"
citroen,c-crosser,2008,2.4,бензин,автомат,7700,https://cars.av.by/citroen/c-crosser/100275704,195000 км,чистая продажа. перекупы и салоны - мимо.
volkswagen,touareg,2009,3.0,дизель,автомат,9999,https://cars.av.by/volkswagen/touareg/100094555,245000 км,Акция только эту неделю!!!
mitsubishi,space-wagon,1996,1.8,бензин,механика,1000,https://cars.av.by/mitsubishi/space-wagon/100284043,370000 км,"Машина в неплохом состоянии. Двигатель работает ровно, кпп переключает без хрустов, передачи не выбивает. Печка дует тёплым, ручник работает. 4эл/стеклоподъемника, эл/зеркала, эл/корректор фар. Новые свечи и провода. Машина на зимней резине с хорошим остатком. 7 мест. Средних расход 7-8 литров. Незначительные проблемы по кузову в виде жучков. Без торга!Продаю в связи с покупкой более меньшего авто! Звонить с 8 до 23"
honda,stream,2001,1.7,бензин,механика,3099,https://cars.av.by/honda/stream/100102256,380000 км,"Honda Stream, 2001 г.в."
volkswagen,touareg,2007,3.6,бензин,автомат,8500,https://cars.av.by/volkswagen/touareg/100192585,190000 км,"Volkswagen Touareg , 2007 г.в."
peugeot,207,2008,1.4,бензин,механика,5500,https://cars.av.by/peugeot/207/16024471,225000 км,Продажа . Состояние не плохое все вопросы по телефону.
skoda,octavia,2015,2.0,дизель,автомат,13650,https://cars.av.by/skoda/octavia/100266670,181000 км,"Автомобиль в прекрасном состоянии .Мотор работает идеально.Коробка DSG6 без проблем.Обслужен полностью .В дтп не участвовала .Без каких либо вложений.Хорошая комплектация.Led оптика перед и зад,цветная панель приборов,блютуз,подогрев передних и задних сидений .Два ключа .Осмотр на любом вашем Сто"
audi,a4,2015,2.0,дизель,автомат,18900,https://cars.av.by/audi/a4/100240593,198000 км,"Машина в отличном состоянии!!! Сервисное обслуживание! Шустрый и очень экономичный автомобиль, кузов автомобиля покрыт керамикой, состояние салона близко к идеальному! Два ключа ! На сегодняшний день авто не требует никаких вложений! Продажа автомобиля с полным оформлением! Тех. осмотр пройден по 2023год"
mercedes-benz,c-klass,2009,1.6,бензин,автомат,9590,https://cars.av.by/mercedes-benz/c-klass/100250845,284000 км, 28.03.21 прошел  полную диагностику на bosch сервис + star mercedes состоянии всех блоков и ошибки.
mini,hatch,2015,1.5,бензин,автомат,13535,https://cars.av.by/mini/hatch/100287416,47500 км," Авто в отличном техническом состоянии,  пробег достоверный, авто с середины 2019 в Беларуси. Цвет-огонь!!! Из США, повреждения были только на 2 правых дверях, их целиком поменяли в цвет авто без покраски (видно по стеклам). Есть мелкие царапинки на кузове, ничего не делал, чтобы сохранить родной окрас, на езду не влияет!!! Все обслуживание в Mini Garage, есть подтверждающие документы, там же в 2020 году сделан и чип-тюнинг двигателя, теперь машинка летает как ""S""-ка 2.0л !!! ( стало 190 л.с.)  Сделан развал колес, все в норме. Техосмотр пройден в марте 2021 года, страховка ""Каско"" до июня 2021 года! Салон кожаный, комплект оригинальных ковриков! Два комплекта резины!!! Такой второй машины в продаже на рынке нет!! "
volvo,s40,2006,2.4,бензин,автомат,6500,https://cars.av.by/volvo/s40/100106427,160000 км,Машина в отличном состоянии. 
volkswagen,polo,2021,1.6,бензин,механика,12940,https://cars.av.by/volkswagen/polo/100253231,50 км,Комплектация Respect
volkswagen,polo,2021,1.6,бензин,механика,13474,https://cars.av.by/volkswagen/polo/100263580,50 км,Комплектация Respect
skoda,octavia,2017,1.4,бензин,автомат,17400,https://cars.av.by/skoda/octavia/100274996,82000 км,"Цена снижена до 02.04, пока в продаже заинтересовавший меня авто."
volkswagen,passat,1999,1.9,дизель,механика,4300,https://cars.av.by/volkswagen/passat/100260569,370000 км,"Авто с 2011 года в одной семье, прогонялось самостоятельно с родным пробегом  190тыс км "
toyota,matrix,2007,1.8,бензин,механика,7000,https://cars.av.by/toyota/matrix/17439842,233354 км,"Хороший, надежный американо-японский автомобиль."
peugeot,partner,2011,1.9,дизель,механика,3450,https://cars.av.by/peugeot/partner/100138575,285000 км,Хорошее состояние. 
lexus,is,2006,2.2,дизель,механика,8850,https://cars.av.by/lexus/is/100205036,287000 км,"Я собственник, продажа только через полное переоформление в ГАИ. Салонам не звонить! "
lexus,es,2012,2.5,бензин,автомат,18950,https://cars.av.by/lexus/es/100206021,150000 км,"Автомобиль в отличном состоянии, богатая комплектация."
ford,explorer,2016,2.3,бензин,автомат,21300,https://cars.av.by/ford/explorer/100287438,72420 км,Я владелец по тех паспорту
fiat,scudo,1996,1.9,дизель,механика,2100,https://cars.av.by/fiat/scudo/100275054,250000 км,"Авто в хорошем состоянии, заменены все расходники, грм ролики,отрегулированны клапана, год назад полный капремонт двигателя,  заводится в любой мороз, на ходу каждый день, по кузову пару незначительных жуков, днище и пороги хорошие,масло не жрёт. Причина продажи нужен авто побольше. "
volkswagen,teramont,2018,2.0,бензин,автомат,29800,https://cars.av.by/volkswagen/teramont/100218589,44700 км,"Volkswagen Atlas-Teramont. 2.0, 240 л.с. коробка Япония Aisin 8-ступенчатая."
infiniti,qx50,2019,2.0,бензин,автомат,33100,https://cars.av.by/infiniti/qx50/100234655,37015 км,
renault,scenic-rx4,2003,1.9,дизель,механика,4350,https://cars.av.by/renault/scenic-rx4/100275733,309000 км,"Отличное состояние . Двигатель запускается в любой мороз, масло не ест. 1500 км назад полностью обслужен ДВС, КПП, и тормозная система.смешную цену просьба не предлогают,в помощи салонов не нуждаюсь. Машина стоит своих денег. "
audi,a6,2011,3.0,бензин,автомат,12500,https://cars.av.by/audi/a6/100234107,214000 км,"Отличный, комфортный, автомобиль.  Полностью обслужен, можем загнать на любое ваше сто. Снята с учета."
ford,tourneo-courier,2015,1.0,бензин,механика,8750,https://cars.av.by/ford/tourneo-courier/100192509,103327 км,"1.0 Ecoboost (74 кВт/100 л.с.), 5-МКПП."
honda,insight,2009,1.3,бензин,автомат,6080,https://cars.av.by/honda/insight/100243386,298134 км,"Достойный  красивый автомобиль не требующий никаких вложений как по технической части так и по кузову. Ничего не гремит, не трещит и не ляпает. Работает ровно и красиво.Ездить дешевле чем на дизиле. Едет резво и приятно с маленьким расходом топлива (4-5 литров). Салон чистый, аккуратный и без пятен. Один владелец с 2014 года.  Возможен торг. Делать абсолютно ничего не нужно. Авто полностью обслужено. Сел и поехал.Торг. Возможен обмен"
volvo,v40,2017,2.0,дизель,механика,12990,https://cars.av.by/volvo/v40/20223478,169000 км,
ford,s-max,2012,1.6,дизель,механика,12650,https://cars.av.by/ford/s-max/100241757,187000 км,"Идеальное состояние, гаражное хранение на протяжений 3 лет. Ездил дедушка. Пробег 70.000 за 3 года. Аккуратный, чистый салон, в машине никогда не курили. Новая зимняя резина, новый АКБ, на 160.000 км был произведен замен ремня ГРМ и помпы. Такой второй вы не найдете! Продается не спеша. Разумный торг приветствуется. "
honda,accord,2004,2.0,бензин,механика,5500,https://cars.av.by/honda/accord/100105539,245946 км,"Продам Хонда аккорд в хорошем состоянии. Два ключа. Кузов, днище все двери обработаны. Масло от замены до замены. Стёкла все родные. Четыре колеса с резиной, зима, в комплекте. Всё вапросы по телефону или Вайбер. Торг."
renault,laguna,1998,1.8,бензин,механика,953,https://cars.av.by/renault/laguna/100256599,200000 км,"Машина на транзитных номерах, готова к продаже. Состояние нормальное, в одних руках много лет. Каждый день на ходу. Салон аккуратный, все на месте. Торг у капота. "
opel,astra,2017,1.6,дизель,механика,10900,https://cars.av.by/opel/astra/100256165,164000 км,"Авто из Франции, без пробега по РБ!"
kia,sportage,2017,1.6,бензин,механика,15900,https://cars.av.by/kia/sportage/100279475,90411 км,"KIA Sportage IV 2017 г.в. 1,6 GDI 132 л.с. 6 МКПП, пробег 90 411 км, куплен 01.03.2017 в Минске у официального дилера. Сборка - Словакия. Автомобиль находится в состоянии нового, с момента покупки используется в одной семье очень аккуратно. Авто очень экономичный. Ни одного малейшего ДТП, все в идеальном состоянии. Все ТО проходят согласно требуемого регламента. 24.03.21 проведено ТО на пробеге 90 300 км, следующее - на пробеге 105 000 км. Пройден гостехосмотр, срок - до марта 2023 года. "
bmw,x3,2020,3.0,дизель,автомат,70687,https://cars.av.by/bmw/x3/100200730,10 км,"С НДС! 2020 год выпуска! В наличии, возможность приобретения в лизинг. Официальная гарантия до 2023 года, редкая комплектация с активным круиз-контролем и функцией торможения, автономный отопителем (webasto) и возможностью управления при помощи ключа BMW с дисплеем и многое другое:"
nissan,x-trail,2015,2.0,бензин,автомат,16000,https://cars.av.by/nissan/x-trail/100283906,103000 км,Покупал в автосалоне.Один владелец.Все документы о прохождении т.о. есть.
honda,insight,2009,1.3,бензин,автомат,6700,https://cars.av.by/honda/insight/100154267,224000 км,отличная надёжная машинка..
audi,a8,2014,3.0,бензин,автомат,31200,https://cars.av.by/audi/a8/17195697,129000 км,Идеальное состояние. Сборка - Германия. Не РФ. Дата выпуска - 11.2013г. Авто полностью обслужено. Подтверждённый пробег. Два комплекта новой резины(зима+лето). Все ключи и документы. Мощность двигателя - 398л/с. Цвет - чёрно-коричневый. 
mercedes-benz,r-klass,2006,3.5,бензин,автомат,8900,https://cars.av.by/mercedes-benz/r-klass/100272682,265850 км,Отличное состояние. Торг возможен Обмен на Авто дешевле с вашей доплатой или равноценный.Автосалонам не беспокоить!!!
volkswagen,caravelle,1992,1.9,дизель,механика,4800,https://cars.av.by/volkswagen/caravelle/100203661,500000 км,"VW caravelle 1992 года, 1,9D , длинная база(long), литые Диски R16, распашные задние двери, хорошее состояние, все работает, открывается/закрывается, электро зеркала, подогрев зеркал, дополнительная заводская печка в салоне, новая зимняя резина с шипами MAXXIS, маленький расход, неприхотливый двигатель."
volvo,s60,2020,2.0,бензин,автомат,41900,https://cars.av.by/volvo/s60/100273070,18000 км,Цена с НДС 20%
buick,encore,2017,1.4,бензин,автомат,13900,https://cars.av.by/buick/encore/100218100,70000 км,Идеальное техническое состояние. Серый перламутр. Без пробега по РБ  и РФ. Эксплуатация с 2018 года. Максимальная комплектация Essence! Надежный цепной двигатель 1.4 турбо ( 140 л.с). Простой гидротрансформаторный автомат. 2-а комплекта колес (Абсолютно новая зима + лето Continental). В машине выполнено полное ТО. Заменено масло в двигателе и фильтра. Новая АКБ. Любое Ваше СТО.
volkswagen,caravelle,2003,2.5,дизель,механика,6999,https://cars.av.by/volkswagen/caravelle/20191084,600000 км,требует покраске    зимния  резина  в падарок .   ниже 6000 не предлагать. 
mazda,tribute,2006,3.0,бензин,автомат,5750,https://cars.av.by/mazda/tribute/100243614,264900 км,"Комфортная езда на большие растояния. Вместительный салон. Хорошая динамика при разгоне. Устойчива на зимней дороге. Проходимый автомобиль с хорошим клиренсом. Максимальная комплектация. Красивый кожаный салон с подогревами сидений. Заводская AS3 тонировка. 2 ключа, 2 брелка. Кузов в отличном состоянии. Продажа только с переоформлением. "
renault,sandero,2016,1.6,бензин,автомат,7900,https://cars.av.by/renault/sandero/100019202,85000 км,Отличное состояние. Весь в родной краске. Полная история обслуживания.
bmw,3-seriya,2016,2.0,бензин,автомат,19000,https://cars.av.by/bmw/3-seriya/100156899,38 км,Комплект летней резины. Лед фары.
opel,vectra,2002,1.8,бензин,механика,3850,https://cars.av.by/opel/vectra/100253272,347000 км,"Автомобиль в хорошем состоянии для своих лет, имеются незначительные нюансы по кузову в силу возраста авто. ГРМ поменян 5000 км назад, масло 4000 назад, заменено сцепление. "
ford,galaxy,1999,2.0,бензин,механика,2950,https://cars.av.by/ford/galaxy/100279978,390000 км,"Хорошее состояние автомобиля. Родные пороги, кузов ровный. Отличная резина на литых дисках. Подвеска вся исправна, ручник держит. Стёкла и вся оптика целая. Продажа только с переоформлением. Небольшой торг. "
toyota,avensis,2002,2.0,дизель,механика,3650,https://cars.av.by/toyota/avensis/100234538,390000 км,Отличное состояние. Автомобиль ровный по кузову. Без дтп. Все работает. Все стёкла целые и родные. Хорошая резина на родных литых дисках. Мотор масло не кушает. Приятный расход как по городу так и по трассе. 
skoda,octavia,2016,1.4,бензин,механика,12800,https://cars.av.by/skoda/octavia/100285724,156000 км,"Skoda Octavia - 1.4 Cng Style G-Tec Combi куплена в апреле 2020 года на лизинговом аукционе в Чехии с пробегом 101 тыс. км. (есть все фото, сервисная история и подтверждающие документы с аукциона). "
bmw,5-seriya,2000,2.5,бензин,механика,6000,https://cars.av.by/bmw/5-seriya/100272038,320000 км,"Отличное состояние. Год выпуска 2000. Полный комплект документов, в т.ч. из Германии, сервисная история. 4 ключа. М-руль и рычаг КПП. Два комплекта колёс на литых дисках. Новые тормозные диски и колодки. Двигатель сухой, расход масла отсутствует. Заменен КВКГ и патрубки (оригинал) Подвеска обслужена после зимы. Два комплекта ковриков. Безаварийное прошлое. Днище в заводском исполнении, ремонт не требуется. Имеются косметические окрасы нескольких элементов, без рихтовки и шпатлёвки. Первый увидевший сразу купит! Обмен не интересует. Торг!!!"
alfa-romeo,giulietta,2017,1.6,дизель,автомат,14650,https://cars.av.by/alfa-romeo/giulietta/100286421,153000 км,ALFA ROMEO  GIULIETTA1.6 D AT 
honda,city,2008,1.4,бензин,механика,5500,https://cars.av.by/honda/city/100159836,205000 км,Состояние ухоженного автомобиля!
peugeot,207,2008,1.6,бензин,механика,4500,https://cars.av.by/peugeot/207/100286752,180000 км,Машина в хорошем состоянии. Масло и расходники менялись вовремя. Есть нюансы по кузову( небольшие царапины). Возможен торг или обмен.
kia,quoris,2013,3.8,бензин,автомат,17350,https://cars.av.by/kia/quoris/100286779,76000 км,"Продам автомобиль в очень хорошем состоянии ,недавно было сделанно большое ТО ,(полностью заменены все тех жидкости и фильтра) на данный момент вложений не требует. Два комплекта ключей ,два комплекта резины износ небольшой . Прекрасный бизнес клас ,большой и прекрасный салон ,с многофункциональными опциями ,что дает дополнительный комфорт при езде ,как на дальние растояния так и на ближние . В салоне очень тихо без каких либо шумов и сверчков . Мотор, коробка , и подвеска без каких либо нареканий . В РБ один владелец всегда бережная эксплуатация автомобиля,о чем говорит его внешний вид . Приезжайте смотрите  ,звоните спрашивайте раскажу все как есть . Торг никто не отменял ."
volkswagen,tiguan,2017,2.0,бензин,автомат,26500,https://cars.av.by/volkswagen/tiguan/100100366,76000 км,Покупался у дилера VW в Беларуси
mercedes-benz,s-klass,2006,6.0,бензин,автомат,10000,https://cars.av.by/mercedes-benz/s-klass/100259285,230000 км,По всем вопросам звоните
nissan,note,2010,1.4,бензин,механика,5999,https://cars.av.by/nissan/note/100096551,202300 км,"Автомобиль в хорошем состоянии, обслуживался на СТО. Пройден ТО в 2019-м. Проводилась антикорозийная обработка (Dinitrol). Салон чистый, аккуратный, не прокуренный, сиденья с чехлами. Крепление IsoFix. Резиновые напольные коврики. Задние сиденья складываются 60/40 и двигаются вперед (салазки), увеличивая багажник. Электроусилитель руля, регулировка по высоте.  На руле управление магнитолой. Электропривод стеклоподъёмников на передних дверях.  Центральный замок. Два ключа. Сигнализация. Кондиционер. Новый аккумулятор. Брызговики, дефлекторы на дверях, защитная сетка для радиатора. Передние подушки безопасности. Двигатель экономичный и надежный с цепным приводом. Масло и свечи менялись регулярно каждые 15 тысяч. Производилась замена масла в коробке, тормозной жидкости, антифриза. Подвеска без проблем, расходники менялись своевременно. На лобовом стекле справа небольшая трещина (присверлина), ТО всегда проходил. По кузову есть некритичные сколы от камней и небольшие царапины на бампере, капоте, дверях в ходе эксплуатации. Жуков нет. Пробег оригинальный на одометре 202ХХХ (см. фото). Машина продается на зимней резине (Hankook). Хэлп на бумажном носителе в подарок. Недорогой в обслуживании, городской, семейный автомобиль. "
infiniti,jx,2013,3.5,бензин,автомат,25900,https://cars.av.by/infiniti/jx/13925504,89000 км,"7-местный кожаный салон с подогревом всех сидений и вентиляцией передних, би-ксенон, 3-х зонный климат-контроль, светодиодная оптика, мониторы для задних пассажиров с беспроводными наушниками, навигация, панорамная крыша, электрический люк, круиз-контроль, безключевой доступ, электробагажник, 4 камеры по кругу, парктроники перед+зад с отображением на экране, стереосистема Bose с сабвуфером, жестким диском и выходом для флэшки и AUX, электрорегулировка и обогрев и память положения руля, громкая связь, комфортный выход, фирменный тюнинг Larte, диски R20 Vossen."
honda,accord,2008,2.4,бензин,автомат,9800,https://cars.av.by/honda/accord/100284266,219000 км,Покупайте авто в отличном состоянии.
volkswagen,multivan,2016,2.0,дизель,автомат,43500,https://cars.av.by/volkswagen/multivan/100286491,146000 км,
audi,a4,2007,2.0,дизель,автомат,7950,https://cars.av.by/audi/a4/100119329,290000 км,Хорошее внешнее и внутреннее состояние.A4 avant S-line С 2011 года в одних руках! Два ключа. Два комплекта новой резины на дисках и зима и лето. любые ваши проверки.
opel,zafira,2008,1.9,дизель,механика,6650,https://cars.av.by/opel/zafira/100278456,237100 км,"Автомобиль вложений не требует. кузов ровный без жуков, ухоженный салон. Лобовое целое, ручник держит. Двигатель и подвеска без проблем. Торг возможен при осмотре. Все вопросы по телефону."
mercedes-benz,e-klass,2010,3.5,бензин,автомат,12500,https://cars.av.by/mercedes-benz/e-klass/100175816,260000 км,"Обслуживание ""Интерхофманн-авто"" (есть заказ-наряды). "
ford,mondeo,2011,2.3,бензин,автомат,8350,https://cars.av.by/ford/mondeo/100259017,181500 км,"Продаю форд Мандэо в комплектации Титаниум,машина каждый день ездит, тех.осмотр пройден. . "
opel,astra,2005,1.7,дизель,механика,4450,https://cars.av.by/opel/astra/100230532,306040 км,Смешанный расход топлива 6 л на 100 км 
lancia,zeta,1999,2.1,дизель,механика,3650,https://cars.av.by/lancia/zeta/100277868,200328 км, ГРМ заменен 5000 назад. Отличное техническое состояние. Кредит до 100% стоимости авто на месте без посещения банка за 20 минут.  Лизинг.  Правовая гарантия сделки. Любая форма оплаты. Принимаем Авто на комиссию. 
ford,galaxy,1998,1.9,дизель,механика,3990,https://cars.av.by/ford/galaxy/100224453,339988 км,C 2010 года в одних руках. Два комплекта колес на дисках. Два ключа. Замена ГРМ на 290000км. ТО при показаниях спидометра 335000 км   
toyota,land-cruiser-prado,2008,3.0,дизель,механика,15300,https://cars.av.by/toyota/land-cruiser-prado/100198244,250000 км,"Машина из-под хозяина. Установлена вебаста, рама/кузов в хорошем состоянии, коробка/подвеска/мотор тоже. Машину бы не продавали, но владелец больше не может водить авто."
peugeot,508,2016,1.6,дизель,автомат,13150,https://cars.av.by/peugeot/508/100235020,137000 км,"Авто из Бельгии. В отличном состоянии. Без вложений. Автомат AISIN ЯПОНИЯ (ПРОСТОЙ И НАДЁЖНЫЙ ГИДРОТРАНСФОРМАТОР, А НЕ РОБОТ ИЛИ ВАРИАТОР). Заменены все жидкости(масло, антифриз, тормозная жидкость). Заменён грм, ролики, помпа, ремень генератора. "
opel,zafira,2003,2.2,бензин,автомат,2850,https://cars.av.by/opel/zafira/100277410,285000 км,"Автомобиль каждый день на ходу. Автомат работает идеально, мотор тоже. Обслуженный опелек. Хорошая зимняя резина Barum. Ручник держит. Кондиционер заправлен и работает. Полный электро пакет. Круиз-контроль. Все работает. Небольшой торг. Продажа только с переоформлением. "
kia,carens,2001,1.8,бензин,механика,2350,https://cars.av.by/kia/carens/100237520,248000 км,"С 10 года в одних руках, 6 мест, 2 ключа, сервисная книга, на возрастные болячки торг! Мотор масло не берет, новый аккумулятор, задние амортизаторы, задняя балка, задние рычаги,стойки стабилизатора, втулки стабилизатора, на зимней резине, рабочий кондиционер, торг!"
ford,focus,2019,1.6,бензин,автомат,12500,https://cars.av.by/ford/focus/100105309,37774 км,Холен и лелеян. 
infiniti,fx,2004,3.5,бензин,автомат,6499,https://cars.av.by/infiniti/fx/100280144,308993 км,"Крепкий кузов, отличный салон, сухая коробка, мосты. Много чего сделано. Масло ведрами не жрет. Активный круиз, цветной дисплей, бесключевой доступ,  камера заднего вида, японские разборные R20, дожим багажника. Дорогой пленкой оклеена крыша. АS3 стекла. Bose. Цена за деньги. Торга нет, от слова совсем. На учете, на мне. В помощи по продаже не нуждаюсь. Срочно"
bmw,5-seriya,2006,2.5,бензин,автомат,6900,https://cars.av.by/bmw/5-seriya/100278217,318000 км,машина в хорошем состоянии. По технической части вопросов нет. Коробка автомат просто радует любого пилота.
volkswagen,caravelle,2000,2.5,дизель,механика,9500,https://cars.av.by/volkswagen/caravelle/100228278,400 км,В хорошем состоянии. Webasto с пультом (мокрая). Новый комплект сцепления LUK (маховик корзина диск выжимной) 
bmw,5-seriya,2001,2.5,дизель,автомат,6000,https://cars.av.by/bmw/5-seriya/100055243,542000 км,"Хорошее состояние, коробка не пинается, форсы все в допуске, по тех.части вопросов нет. По нюансам: трещина на лобовом, задний правый поддомкратник требует внимания, по кромкам дверей пошли рыжики, левое крыло вылез жук. Торг. "
renault,megane,2006,1.5,дизель,механика,4650,https://cars.av.by/renault/megane/100285916,198000 км,"Машина в отличном состоянии. Двигатель работает ровно, не троит, не дымит. По кузову проблем нет. Красить не нужно. Салон аккуратный, чистый. Расходники менялись своевременно. Более подробно по телефону. "
mercedes-benz,e-klass,1999,2.2,дизель,механика,2900,https://cars.av.by/mercedes-benz/e-klass/100202289,544790 км,"В хорошем состоянии, все вопросы по телефону. Возможен торг. "
volkswagen,passat-cc,2009,2.0,бензин,автомат,8800,https://cars.av.by/volkswagen/passat-cc/100012551,175000 км,Хорошее состояние. Коробка не DSG (AISIN японская). Есть небольшие отслаивания лака (не краски) - на фото. Левый блок кнопок на руле (см. фото) рабочий полностью не смотря на трещину.
renault,talisman,2017,1.5,дизель,механика,13585,https://cars.av.by/renault/talisman/100285798,160018 км,Машинка  из Франции (21.03.21). Покупалась в автохаусе  Pringy Reno (Haute Savoie) без всяких аукционов!!!
jaguar,xf,2010,5.0,бензин,автомат,12500,https://cars.av.by/jaguar/xf/100230846,107000 км,Максимальная комплектация. Полностью обслуженная.
mini,countryman,2017,1.5,бензин,автомат,22888,https://cars.av.by/mini/countryman/100272219,13800 км,Срочно!
